ADMINISTRATOR,admin@gmail.com,admin,81dc9bdb52d04dc20036dbd8313ed055,2021-04-10,assets/images/161959406160890b4d26385.png,1
Ta Ba Phu,nhocconmoilon1995@gmail.com,baphu,81dc9bdb52d04dc20036dbd8313ed055,2021-04-14,assets/images/161959409360890b6d06ddd.png,0
Nguyen Van Hoa,hoanguyen280598@gmail.com,vanhoa,81dc9bdb52d04dc20036dbd8313ed055,2021-04-20,assets/images/161959412260890b89bfa15.png,0
Dang Van Bao Hung,vanhoa280598@gmail.com,baohung,81dc9bdb52d04dc20036dbd8313ed055,2021-04-16,assets/images/161959415460890baa45291.png,0
Huynh Anh Tuan,hoanguyen98.nta@gmail.com,anhtuan,81dc9bdb52d04dc20036dbd8313ed055,2021-04-09,assets/images/161959419360890bd0ceaac.png,0
Truong Thi My Trinh,mytrinh@gmail.com,mytrinh,81dc9bdb52d04dc20036dbd8313ed055,2021-04-10,assets/images/161959423060890bf593a58.png,0
Nguyen Van Binh,vanbinh@gmail.com,vanbinh,81dc9bdb52d04dc20036dbd8313ed055,2021-04-07,assets/images/161959424960890c0954c44.png,0
Tran Quang Duy,onlylight0209@gmail.com,quangduy,81dc9bdb52d04dc20036dbd8313ed055,2021-04-13,assets/images/161959438960890c950c245.png,0
Vo Nguyen Hoang Phi,hoangphi@gmail.com,hoangphi,81dc9bdb52d04dc20036dbd8313ed055,2021-04-14,assets/images/161959442260890cb5cbf6c.png,0
Tran Cam Nga,ngatran@gmail.com,camnga98,81dc9bdb52d04dc20036dbd8313ed055,2021-04-02,assets/images/161959445860890cda42e6c.png,0
Doan Thi Bao Linh,baolinh@gmail.com,linhdoan,81dc9bdb52d04dc20036dbd8313ed055,2021-04-07,assets/images/161959450060890d03df4d7.png,0
Ung Thi Thuy Oanh,thuyoanh@gmail.com,oanhthuy,81dc9bdb52d04dc20036dbd8313ed055,2021-04-01,assets/images/161959453560890d26be260.png,0
Ly Thu Thuy,thuyae@gmail.com,thuy12,81dc9bdb52d04dc20036dbd8313ed055,2021-04-05,assets/images/161959456560890d449d986.png,0